{"left_elbow": 167.93551121959015, "right_elbow": 168.37068209630294, "left_knee": 176.99954034993766, "right_knee": 176.40167051052396}