{"left_elbow": 59.49604749771128, "right_elbow": 53.68820727657876, "left_knee": 42.58727454192322, "right_knee": 176.3996613477754}